www.boxhauls.com/,https://boxhauls.com/,301,true,true,true,true
truck-n-go.com/how-it-works,https://boxhauls.com/how-it-works/,301,true,true,false,false
truck-n-go.com/how-it-works/,https://boxhauls.com/how-it-works/,301,true,true,false,false
truck-n-go.com/pricing,https://boxhauls.com/pricing/,301,true,true,false,false
truck-n-go.com/pricing/,https://boxhauls.com/pricing/,301,true,true,false,false
truck-n-go.com/faq,https://boxhauls.com/faq/,301,true,true,false,false
truck-n-go.com/faq/,https://boxhauls.com/faq/,301,true,true,false,false
truck-n-go.com/contact,https://boxhauls.com/contact/,301,true,true,false,false
truck-n-go.com/contact/,https://boxhauls.com/contact/,301,true,true,false,false
truck-n-go.com/press,https://boxhauls.com/press/,301,true,true,false,false
truck-n-go.com/press/,https://boxhauls.com/press/,301,true,true,false,false
truck-n-go.com/drive,https://boxhauls.com/drive/,301,true,true,false,false
truck-n-go.com/drive/,https://boxhauls.com/drive/,301,true,true,false,false
truck-n-go.com/partners,https://boxhauls.com/partners/,301,true,true,false,false
truck-n-go.com/partners/,https://boxhauls.com/partners/,301,true,true,false,false
truck-n-go.com/link-to-us,https://boxhauls.com/press/,301,true,true,false,false
truck-n-go.com/link-to-us/,https://boxhauls.com/press/,301,true,true,false,false
truck-n-go.com/blog,https://boxhauls.com/guides/,301,true,true,false,false
truck-n-go.com/blog/,https://boxhauls.com/guides/,301,true,true,false,false
truck-n-go.com/services/on-demand-moving-and-hauling,https://boxhauls.com/,301,true,true,false,false
truck-n-go.com/services/on-demand-moving-and-hauling/,https://boxhauls.com/,301,true,true,false,false
truck-n-go.com/services/furniture-delivery,https://boxhauls.com/services/furniture-delivery/,301,true,true,false,false
truck-n-go.com/services/furniture-delivery/,https://boxhauls.com/services/furniture-delivery/,301,true,true,false,false
truck-n-go.com/services/large-item-delivery,https://boxhauls.com/services/furniture-delivery/,301,true,true,false,false
truck-n-go.com/services/large-item-delivery/,https://boxhauls.com/services/furniture-delivery/,301,true,true,false,false
truck-n-go.com/services/move-furniture,https://boxhauls.com/services/furniture-delivery/,301,true,true,false,false
truck-n-go.com/services/move-furniture/,https://boxhauls.com/services/furniture-delivery/,301,true,true,false,false
truck-n-go.com/services/single-item-movers,https://boxhauls.com/services/furniture-delivery/single-item-delivery/,301,true,true,false,false
truck-n-go.com/services/single-item-movers/,https://boxhauls.com/services/furniture-delivery/single-item-delivery/,301,true,true,false,false
truck-n-go.com/services/same-day-delivery,https://boxhauls.com/,301,true,true,false,false
truck-n-go.com/services/same-day-delivery/,https://boxhauls.com/,301,true,true,false,false
truck-n-go.com/services/local-hauling,https://boxhauls.com/,301,true,true,false,false
truck-n-go.com/services/local-hauling/,https://boxhauls.com/,301,true,true,false,false
truck-n-go.com/services/truck-and-driver-for-hire,https://boxhauls.com/,301,true,true,false,false
truck-n-go.com/services/truck-and-driver-for-hire/,https://boxhauls.com/,301,true,true,false,false
truck-n-go.com/services/small-moves,https://boxhauls.com/services/small-moves/,301,true,true,false,false
truck-n-go.com/services/small-moves/,https://boxhauls.com/services/small-moves/,301,true,true,false,false
truck-n-go.com/services/junk-hauling,https://boxhauls.com/services/junk-removal/,301,true,true,false,false
truck-n-go.com/services/junk-hauling/,https://boxhauls.com/services/junk-removal/,301,true,true,false,false
truck-n-go.com/cities,https://boxhauls.com/cities/,301,true,true,false,false
truck-n-go.com/cities/,https://boxhauls.com/cities/,301,true,true,false,false
truck-n-go.com/cities/fresno,https://boxhauls.com/cities/fresno/,301,true,true,false,false
truck-n-go.com/cities/fresno/,https://boxhauls.com/cities/fresno/,301,true,true,false,false
truck-n-go.com/cost-to-move-a-couch,https://boxhauls.com/pricing/cost-to-move-a-couch/,301,true,true,false,false
truck-n-go.com/cost-to-move-a-couch/,https://boxhauls.com/pricing/cost-to-move-a-couch/,301,true,true,false,false
truck-n-go.com/cost-to-move-a-mattress,https://boxhauls.com/pricing/cost-to-move-a-mattress/,301,true,true,false,false
truck-n-go.com/cost-to-move-a-mattress/,https://boxhauls.com/pricing/cost-to-move-a-mattress/,301,true,true,false,false
truck-n-go.com/cost-to-move-a-refrigerator,https://boxhauls.com/pricing/cost-to-move-a-refrigerator/,301,true,true,false,false
truck-n-go.com/cost-to-move-a-refrigerator/,https://boxhauls.com/pricing/cost-to-move-a-refrigerator/,301,true,true,false,false
truck-n-go.com/cost-to-move-a-washer-and-dryer,https://boxhauls.com/pricing/cost-to-move-a-washer-and-dryer/,301,true,true,false,false
truck-n-go.com/cost-to-move-a-washer-and-dryer/,https://boxhauls.com/pricing/cost-to-move-a-washer-and-dryer/,301,true,true,false,false
